<?xml version="1.0" encoding="UTF-8"?>
<project-private xmlns="http://www.netbeans.org/ns/project-private/1">
    <editor-bookmarks xmlns="http://www.netbeans.org/ns/editor-bookmarks/2" lastBookmarkId="0"/>
    <open-files xmlns="http://www.netbeans.org/ns/projectui-open-files/2">
        <group>
            <file>file:/C:/Users/user/Documents/NetBeansProjects/System/src/java/com/example/servlet/UploadCsvServlet.java</file>
            <file>file:/C:/Users/user/Documents/NetBeansProjects/System/web/quiz.jsp</file>
            <file>file:/C:/Users/user/Documents/NetBeansProjects/System/web/admin_profile.jsp</file>
            <file>file:/C:/Users/user/Documents/NetBeansProjects/System/web/student_profile.jsp</file>
            <file>file:/C:/Users/user/Documents/NetBeansProjects/System/web/logout.jsp</file>
            <file>file:/C:/Users/user/Documents/NetBeansProjects/System/web/student-courses.jsp</file>
            <file>file:/C:/Users/user/Documents/NetBeansProjects/System/web/adminDashboard.jsp</file>
            <file>file:/C:/Users/user/Documents/NetBeansProjects/System/web/studentexan.jsp</file>
            <file>file:/C:/Users/user/Documents/NetBeansProjects/System/web/enroll.jsp</file>
            <file>file:/C:/Users/user/Documents/NetBeansProjects/System/web/login.jsp</file>
            <file>file:/C:/Users/user/Documents/NetBeansProjects/System/web/take-exam.jsp</file>
            <file>file:/C:/Users/user/Documents/NetBeansProjects/System/web/edit_student.jsp</file>
            <file>file:/C:/Users/user/Documents/NetBeansProjects/System/web/manage_teachers.jsp</file>
            <file>file:/C:/Users/user/Documents/NetBeansProjects/System/web/teacher_score.jsp</file>
            <file>file:/C:/Users/user/Documents/NetBeansProjects/System/web/studentDashboard.jsp</file>
            <file>file:/C:/Users/user/Documents/NetBeansProjects/System/web/course-details.jsp</file>
            <file>file:/C:/Users/user/Documents/NetBeansProjects/System/web/student_score.jsp</file>
            <file>file:/C:/Users/user/Documents/NetBeansProjects/System/web/tecacherquestion.jsp</file>
            <file>file:/C:/Users/user/Documents/NetBeansProjects/System/web/WEB-INF/web.xml</file>
            <file>file:/C:/Users/user/Documents/NetBeansProjects/System/web/course.jsp</file>
            <file>file:/C:/Users/user/Documents/NetBeansProjects/System/web/edit_teacher.jsp</file>
            <file>file:/C:/Users/user/Documents/NetBeansProjects/System/web/edit-profile.jsp</file>
            <file>file:/C:/Users/user/Documents/NetBeansProjects/System/web/student_view_results.jsp</file>
            <file>file:/C:/Users/user/Documents/NetBeansProjects/System/web/quiz_results.jsp</file>
            <file>file:/C:/Users/user/Documents/NetBeansProjects/System/src/java/QuizResult.java</file>
            <file>file:/C:/Users/user/Documents/NetBeansProjects/System/web/admin-courses.jsp</file>
            <file>file:/C:/Users/user/Documents/NetBeansProjects/System/web/submit_exam.jsp</file>
            <file>file:/C:/Users/user/Documents/NetBeansProjects/System/web/uploadCsv.jsp</file>
            <file>file:/C:/Users/user/Documents/NetBeansProjects/System/web/edit-course.jsp</file>
            <file>file:/C:/Users/user/Documents/NetBeansProjects/System/web/index.html</file>
            <file>file:/C:/Users/user/Documents/NetBeansProjects/System/web/admin_view_scores.jsp</file>
            <file>file:/C:/Users/user/Documents/NetBeansProjects/System/web/teacherprofile.jsp</file>
            <file>file:/C:/Users/user/Documents/NetBeansProjects/System/web/manage_students.jsp</file>
            <file>file:/C:/Users/user/Documents/NetBeansProjects/System/web/student-course-select.jsp</file>
            <file>file:/C:/Users/user/Documents/NetBeansProjects/System/web/process_file.jsp</file>
        </group>
    </open-files>
</project-private>
